<?xml version="1.0" encoding="UTF-8"?>
<GenRun Id="dmem_synth_1" LaunchPart="xc7a100tcsg324-1" LaunchTime="1650284089">
  <File Type="PA-TCL" Name="dmem.tcl"/>
  <File Type="RDS-PROPCONSTRS" Name="dmem_drc_synth.rpt"/>
  <File Type="REPORTS-TCL" Name="dmem_reports.tcl"/>
  <File Type="RDS-RDS" Name="dmem.vds"/>
  <File Type="RDS-UTIL" Name="dmem_utilization_synth.rpt"/>
  <File Type="RDS-UTIL-PB" Name="dmem_utilization_synth.pb"/>
  <File Type="RDS-DCP" Name="dmem.dcp"/>
  <File Type="VDS-TIMINGSUMMARY" Name="dmem_timing_summary_synth.rpt"/>
  <File Type="VDS-TIMING-PB" Name="dmem_timing_summary_synth.pb"/>
  <FileSet Name="sources" Type="BlockSrcs" RelSrcDir="$PSRCDIR/dmem">
    <File Path="$PSRCDIR/sources_1/ip/dmem/dmem.xci">
      <FileInfo>
        <Attr Name="UsedIn" Val="synthesis"/>
        <Attr Name="UsedIn" Val="implementation"/>
        <Attr Name="UsedIn" Val="simulation"/>
      </FileInfo>
    </File>
    <Config>
      <Option Name="TopModule" Val="dmem"/>
      <Option Name="UseBlackboxStub" Val="1"/>
    </Config>
  </FileSet>
  <FileSet Name="constrs_in" Type="BlockSrcs" RelSrcDir="$PSRCDIR/dmem">
    <File Path="$PSRCDIR/sources_1/ip/dmem/dmem.xci">
      <FileInfo>
        <Attr Name="UsedIn" Val="synthesis"/>
        <Attr Name="UsedIn" Val="implementation"/>
        <Attr Name="UsedIn" Val="simulation"/>
      </FileInfo>
    </File>
    <Config>
      <Option Name="TopModule" Val="dmem"/>
      <Option Name="UseBlackboxStub" Val="1"/>
    </Config>
  </FileSet>
  <Strategy Version="1" Minor="2">
    <StratHandle Name="Vivado Synthesis Defaults" Flow="Vivado Synthesis 2017">
      <Desc>Vivado Synthesis Defaults</Desc>
    </StratHandle>
    <Step Id="synth_design"/>
  </Strategy>
</GenRun>
